"feature","domain","jive","ID001__028931_2017-12-05-10-45-13.bin","ID002__028965_2017-12-05-10-38-41.bin","ID003__028934_2017-12-05-10-23-03.bin"
"sleeponset","SL","J","0","0","0"
"wakeup","SL","J","0","0","0"
"number_sib_wakinghours","SL","J","0","0","0"
"SleepDurationInSpt","SL","J","0","0","0"
"sleep_Midpoint","SL","J","0","0","0"
"sleep_efficiency","SL","J","0","0","0"
"N_atleast5minwakenight","SL","J","0","0","0"
"ACC_spt_sleep_mg","SL","J","0","0","0"
"Nblocks_spt_sleep","SL","J","0","0","0"
"sd_sleeponset","SL","J","0","0","0"
"sd_wakeup","SL","J","0","0","0"
"sd_number_sib_wakinghours","SL","J","0","0","0"
"sd_SleepDurationInSpt","SL","J","0","0","0"
"sd_sleep_Midpoint","SL","J","0","0","0"
"sd_sleep_efficiency","SL","J","0","0","0"
"sd_N_atleast5minwakenight","SL","J","0","0","0"
"sd_ACC_spt_sleep_mg","SL","J","0","0","0"
"sd_Nblocks_spt_sleep","SL","J","0","0","0"
"TAC","PA","J","0","0","0"
"TLAC","PA","J","0","0","0"
"TAC_24h","PA","J","0","0","0"
"TLAC_24h","PA","J","0","0","0"
"sed_dur","PA","J","0","0","0"
"light_dur","PA","J","0","0","0"
"mod_dur","PA","J","0","0","0"
"vig_dur","PA","J","0","0","0"
"MVPA_dur","PA","J","0","0","0"
"sed_dur_M10","PA","J","0","0","0"
"light_dur_M10","PA","J","0","0","0"
"mod_dur_M10","PA","J","0","0","0"
"vig_dur_M10","PA","J","0","0","0"
"MVPA_dur_M10","PA","J","0","0","0"
"sed_dur_24h","PA","J","0","0","0"
"light_dur_24h","PA","J","0","0","0"
"mod_dur_24h","PA","J","0","0","0"
"vig_dur_24h","PA","J","0","0","0"
"MVPA_dur_24h","PA","J","0","0","0"
"mean_r","PA","J","0","0","0"
"mean_a","PA","J","0","0","0"
"SATP","PA","J","0","0","0"
"ASTP","PA","J","0","0","0"
"Gini_r","PA","J","0","0","0"
"Gini_a","PA","J","0","0","0"
"alpha_r","PA","J","0","0","0"
"alpha_a","PA","J","0","0","0"
"h_r","PA","J","0","0","0"
"h_a","PA","J","0","0","0"
"dur_day_total_IN_min","PA","J","0","0","0"
"dur_day_total_LIG_min","PA","J","0","0","0"
"dur_day_total_MOD_min","PA","J","0","0","0"
"dur_day_total_VIG_min","PA","J","0","0","0"
"dur_day_MVPA_bts_10_min","PA","J","0","0","0"
"dur_day_MVPA_bts_5_10_min","PA","J","0","0","0"
"dur_day_MVPA_bts_1_5_min","PA","J","0","0","0"
"Nbouts_day_IN_bts_30","PA","J","0","0","0"
"Nbouts_day_IN_bts_20_30","PA","J","0","0","0"
"Nbouts_day_IN_bts_10_20","PA","J","0","0","0"
"Nbouts_day_LIG_bts_5_10","PA","J","0","0","0"
"Nbouts_day_LIG_bts_1_5","PA","J","0","0","0"
"Nbouts_day_MVPA_bts_10","PA","J","0","0","0"
"Nbouts_day_MVPA_bts_5_10","PA","J","0","0","0"
"Nbouts_day_MVPA_bts_1_5","PA","J","0","0","0"
"Nblocks_day_total_IN","PA","J","0","0","0"
"Nblocks_day_total_LIG","PA","J","0","0","0"
"Nblocks_day_total_MOD","PA","J","0","0","0"
"Nblocks_day_total_VIG","PA","J","0","0","0"
"sd_TAC","PA","J","0","0","0"
"sd_TLAC","PA","J","0","0","0"
"sd_TAC_24h","PA","J","0","0","0"
"sd_TLAC_24h","PA","J","0","0","0"
"sd_sed_dur","PA","J","0","0","0"
"sd_light_dur","PA","J","0","0","0"
"sd_mod_dur","PA","J","0","0","0"
"sd_vig_dur","PA","J","0","0","0"
"sd_MVPA_dur","PA","J","0","0","0"
"sd_sed_dur_M10","PA","J","0","0","0"
"sd_light_dur_M10","PA","J","0","0","0"
"sd_mod_dur_M10","PA","J","0","0","0"
"sd_vig_dur_M10","PA","J","0","0","0"
"sd_MVPA_dur_M10","PA","J","0","0","0"
"sd_sed_dur_24h","PA","J","0","0","0"
"sd_light_dur_24h","PA","J","0","0","0"
"sd_mod_dur_24h","PA","J","0","0","0"
"sd_vig_dur_24h","PA","J","0","0","0"
"sd_MVPA_dur_24h","PA","J","0","0","0"
"sd_mean_r","PA","J","0","0","0"
"sd_mean_a","PA","J","0","0","0"
"sd_SATP","PA","J","0","0","0"
"sd_ASTP","PA","J","0","0","0"
"sd_Gini_r","PA","J","0","0","0"
"sd_Gini_a","PA","J","0","0","0"
"sd_alpha_r","PA","J","0","0","0"
"sd_alpha_a","PA","J","0","0","0"
"sd_h_r","PA","J","0","0","0"
"sd_h_a","PA","J","0","0","0"
"sd_dur_day_total_IN_min","PA","J","0","0","0"
"sd_dur_day_total_LIG_min","PA","J","0","0","0"
"sd_dur_day_total_MOD_min","PA","J","0","0","0"
"sd_dur_day_total_VIG_min","PA","J","0","0","0"
"sd_dur_day_MVPA_bts_10_min","PA","J","0","0","0"
"sd_dur_day_MVPA_bts_5_10_min","PA","J","0","0","0"
"sd_dur_day_MVPA_bts_1_5_min","PA","J","0","0","0"
"sd_Nbouts_day_IN_bts_30","PA","J","0","0","0"
"sd_Nbouts_day_IN_bts_20_30","PA","J","0","0","0"
"sd_Nbouts_day_IN_bts_10_20","PA","J","0","0","0"
"sd_Nbouts_day_LIG_bts_5_10","PA","J","0","0","0"
"sd_Nbouts_day_LIG_bts_1_5","PA","J","0","0","0"
"sd_Nbouts_day_MVPA_bts_10","PA","J","0","0","0"
"sd_Nbouts_day_MVPA_bts_5_10","PA","J","0","0","0"
"sd_Nbouts_day_MVPA_bts_1_5","PA","J","0","0","0"
"sd_Nblocks_day_total_IN","PA","J","0","0","0"
"sd_Nblocks_day_total_LIG","PA","J","0","0","0"
"sd_Nblocks_day_total_MOD","PA","J","0","0","0"
"sd_Nblocks_day_total_VIG","PA","J","0","0","0"
"L5TIME_num","CR","J","0","0","0"
"M10TIME_num","CR","J","0","0","0"
"L5VALUE","CR","J","0","0","0"
"M10VALUE","CR","J","0","0","0"
"RA_ggir","CR","J","0","0","0"
"L5","CR","J","0","0","0"
"M10","CR","J","0","0","0"
"L5TIME","CR","J","0","0","0"
"M10TIME","CR","J","0","0","0"
"RA","CR","J","0","0","0"
"IV","CR","J","0","0","0"
"IS","CR","J","0","0","0"
"IV_intradailyvariability","CR","J","0","0","0"
"IS_interdailystability","CR","J","0","0","0"
"mesor","CR","J","0","0","0"
"amp","CR","J","0","0","0"
"acro","CR","J","0","0","0"
"mesor_L","CR","J","0","0","0"
"amp_L","CR","J","0","0","0"
"acro_L","CR","J","0","0","0"
"PC1","CR","J","0","0","0"
"PC2","CR","J","0","0","0"
"PC3","CR","J","0","0","0"
"PC4","CR","J","0","0","0"
"PC5","CR","J","0","0","0"
"PC6","CR","J","0","0","0"
"PC7","CR","J","0","0","0"
"PC8","CR","J","0","0","0"
"PC9","CR","J","0","0","0"
"PC10","CR","J","0","0","0"
"sd_L5TIME_num","CR","J","0","0","0"
"sd_M10TIME_num","CR","J","0","0","0"
"sd_L5VALUE","CR","J","0","0","0"
"sd_M10VALUE","CR","J","0","0","0"
"sd_RA_ggir","CR","J","0","0","0"
"sd_L5","CR","J","0","0","0"
"sd_M10","CR","J","0","0","0"
"sd_L5TIME","CR","J","0","0","0"
"sd_M10TIME","CR","J","0","0","0"
"sd_RA","CR","J","0","0","0"
"sd_IV","CR","J","0","0","0"
"sleeponset","SL","A","-0.00408152518907427","-0.00469304208662006","0.00877456727569433"
"wakeup","SL","A","-0.00408152518907427","-0.00469304208662006","0.00877456727569433"
"number_sib_wakinghours","SL","A","0.00370672806548008","0.00426209076487392","-0.007968818830354"
"SleepDurationInSpt","SL","A","1.23179025609157e-05","1.41634395132506e-05","-2.64813420741663e-05"
"sleep_Midpoint","SL","A","-0.00408152518907427","-0.00469304208662006","0.00877456727569433"
"sleep_efficiency","SL","A","0.00390145708079297","0.00448599516874624","-0.00838745224953922"
"N_atleast5minwakenight","SL","A","-0.00394588835674563","-0.00453708338659338","0.00848297174333901"
"ACC_spt_sleep_mg","SL","A","-0.00394588835674563","-0.00453708338659338","0.00848297174333901"
"Nblocks_spt_sleep","SL","A","-0.00394588835674563","-0.00453708338659338","0.00848297174333901"
"sd_sleeponset","SL","A","0.00191128471348895","0.00219764406303998","-0.00410892877652893"
"sd_wakeup","SL","A","-0.00394588835674563","-0.00453708338659338","0.00848297174333901"
"sd_number_sib_wakinghours","SL","A","-0.00394588835674563","-0.00453708338659338","0.00848297174333901"
"sd_SleepDurationInSpt","SL","A","-0.00394588835674563","-0.00453708338659338","0.00848297174333901"
"sd_sleep_Midpoint","SL","A","-0.00394588835674563","-0.00453708338659338","0.00848297174333901"
"sd_sleep_efficiency","SL","A","-0.00394588835674563","-0.00453708338659338","0.00848297174333901"
"sd_N_atleast5minwakenight","SL","A","-0.00394588835674563","-0.00453708338659338","0.00848297174333901"
"sd_ACC_spt_sleep_mg","SL","A","0.00191128471348895","0.00219764406303998","-0.00410892877652893"
"sd_Nblocks_spt_sleep","SL","A","-0.00394588835674563","-0.00453708338659338","0.00848297174333901"
"TAC","PA","A","0.00155625445150578","-0.00148559039611376","-7.06640553920174e-05"
"TLAC","PA","A","0.00155625445150578","-0.00148559039611376","-7.06640553920174e-05"
"TAC_24h","PA","A","0.00155625445150578","-0.00148559039611376","-7.06640553920175e-05"
"TLAC_24h","PA","A","0.00155625445150578","-0.00148559039611376","-7.06640553920175e-05"
"sed_dur","PA","A","-0.00183377135880008","0.00175050623416113","8.32651246389464e-05"
"light_dur","PA","A","0.00155625445150578","-0.00148559039611376","-7.06640553920175e-05"
"mod_dur","PA","A","-0.00181651128556208","0.00173402988030153","8.24814052605502e-05"
"vig_dur","PA","A","0.00155625445150578","-0.00148559039611376","-7.06640553920175e-05"
"MVPA_dur","PA","A","-0.00181651128556208","0.00173402988030153","8.24814052605502e-05"
"sed_dur_M10","PA","A","0.00208142712360945","-0.00198691681945265","-9.45103041568002e-05"
"light_dur_M10","PA","A","0.00365028264436216","-0.00348453611446266","-0.000165746529899497"
"mod_dur_M10","PA","A","-0.00181651128556208","0.00173402988030153","8.24814052605502e-05"
"vig_dur_M10","PA","A","0.00155625445150578","-0.00148559039611376","-7.06640553920175e-05"
"MVPA_dur_M10","PA","A","-0.00181651128556208","0.00173402988030153","8.24814052605502e-05"
"sed_dur_24h","PA","A","-0.00183377135880008","0.00175050623416113","8.32651246389464e-05"
"light_dur_24h","PA","A","0.00155625445150578","-0.00148559039611376","-7.06640553920175e-05"
"mod_dur_24h","PA","A","-0.00181651128556208","0.00173402988030153","8.24814052605502e-05"
"vig_dur_24h","PA","A","0.00155625445150578","-0.00148559039611376","-7.06640553920175e-05"
"MVPA_dur_24h","PA","A","-0.00181651128556208","0.00173402988030153","8.24814052605502e-05"
"mean_r","PA","A","-0.00183377135880008","0.00175050623416113","8.32651246389464e-05"
"mean_a","PA","A","-0.00363768157511523","0.00347250721556641","0.000165174359548818"
"SATP","PA","A","0.00155625445150578","-0.00148559039611376","-7.06640553920175e-05"
"ASTP","PA","A","0.00365028264436216","-0.00348453611446266","-0.000165746529899497"
"Gini_r","PA","A","-0.00363768157511523","0.00347250721556641","0.000165174359548818"
"Gini_a","PA","A","-0.00181651128556208","0.00173402988030153","8.24814052605502e-05"
"alpha_r","PA","A","0.00155625445150578","-0.00148559039611376","-7.06640553920175e-05"
"alpha_a","PA","A","0.00365028264436216","-0.00348453611446266","-0.000165746529899497"
"h_r","PA","A","-0.00363768157511523","0.00347250721556641","0.000165174359548818"
"h_a","PA","A","0.00208142712360945","-0.00198691681945265","-9.45103041568002e-05"
"dur_day_total_IN_min","PA","A","0.00249228961277626","-0.00237912348426831","-0.000113166128507949"
"dur_day_total_LIG_min","PA","A","-0.000503693688237693","0.000480822724783227","2.28709634544655e-05"
"dur_day_total_MOD_min","PA","A","-0.000503693688237693","0.000480822724783227","2.28709634544655e-05"
"dur_day_total_VIG_min","PA","A","-0.000503693688237693","0.000480822724783227","2.28709634544655e-05"
"dur_day_MVPA_bts_10_min","PA","A","-0.000503693688237693","0.000480822724783227","2.28709634544655e-05"
"dur_day_MVPA_bts_5_10_min","PA","A","-0.000503693688237693","0.000480822724783227","2.28709634544655e-05"
"dur_day_MVPA_bts_1_5_min","PA","A","-0.000503693688237693","0.000480822724783227","2.28709634544655e-05"
"Nbouts_day_IN_bts_30","PA","A","-0.000503693688237693","0.000480822724783227","2.28709634544655e-05"
"Nbouts_day_IN_bts_20_30","PA","A","-0.000503693688237693","0.000480822724783227","2.28709634544655e-05"
"Nbouts_day_IN_bts_10_20","PA","A","0.00249228961277626","-0.00237912348426831","-0.000113166128507949"
"Nbouts_day_LIG_bts_5_10","PA","A","-0.000503693688237693","0.000480822724783227","2.28709634544655e-05"
"Nbouts_day_LIG_bts_1_5","PA","A","-0.000503693688237693","0.000480822724783227","2.28709634544655e-05"
"Nbouts_day_MVPA_bts_10","PA","A","-0.000503693688237693","0.000480822724783227","2.28709634544655e-05"
"Nbouts_day_MVPA_bts_5_10","PA","A","-0.000503693688237693","0.000480822724783227","2.28709634544655e-05"
"Nbouts_day_MVPA_bts_1_5","PA","A","-0.000503693688237693","0.000480822724783227","2.28709634544655e-05"
"Nblocks_day_total_IN","PA","A","-0.000503693688237693","0.000480822724783227","2.28709634544655e-05"
"Nblocks_day_total_LIG","PA","A","-0.000503693688237693","0.000480822724783227","2.28709634544655e-05"
"Nblocks_day_total_MOD","PA","A","-0.000503693688237693","0.000480822724783227","2.28709634544655e-05"
"Nblocks_day_total_VIG","PA","A","-0.000503693688237693","0.000480822724783227","2.28709634544655e-05"
"sd_TAC","PA","A","-0.00181651128556208","0.00173402988030153","8.24814052605502e-05"
"sd_TLAC","PA","A","-0.00183377135880008","0.00175050623416113","8.32651246389464e-05"
"sd_TAC_24h","PA","A","-0.00181651128556208","0.00173402988030153","8.24814052605502e-05"
"sd_TLAC_24h","PA","A","-0.00363768157511523","0.00347250721556641","0.000165174359548818"
"sd_sed_dur","PA","A","0.00365028264436216","-0.00348453611446266","-0.000165746529899497"
"sd_light_dur","PA","A","0.00155625445150578","-0.00148559039611376","-7.06640553920175e-05"
"sd_mod_dur","PA","A","-0.00181651128556208","0.00173402988030153","8.24814052605502e-05"
"sd_vig_dur","PA","A","0.00155625445150578","-0.00148559039611376","-7.06640553920175e-05"
"sd_MVPA_dur","PA","A","-0.00181651128556208","0.00173402988030153","8.24814052605502e-05"
"sd_sed_dur_M10","PA","A","0.00365028264436216","-0.00348453611446266","-0.000165746529899497"
"sd_light_dur_M10","PA","A","0.00155625445150578","-0.00148559039611376","-7.06640553920175e-05"
"sd_mod_dur_M10","PA","A","0.00155625445150578","-0.00148559039611376","-7.06640553920175e-05"
"sd_vig_dur_M10","PA","A","0.00155625445150578","-0.00148559039611376","-7.06640553920175e-05"
"sd_MVPA_dur_M10","PA","A","0.00155625445150578","-0.00148559039611376","-7.06640553920175e-05"
"sd_sed_dur_24h","PA","A","0.00155625445150578","-0.00148559039611376","-7.06640553920175e-05"
"sd_light_dur_24h","PA","A","0.00155625445150578","-0.00148559039611376","-7.06640553920175e-05"
"sd_mod_dur_24h","PA","A","0.00155625445150578","-0.00148559039611376","-7.06640553920175e-05"
"sd_vig_dur_24h","PA","A","0.00155625445150578","-0.00148559039611376","-7.06640553920175e-05"
"sd_MVPA_dur_24h","PA","A","0.00155625445150578","-0.00148559039611376","-7.06640553920175e-05"
"sd_mean_r","PA","A","-0.00183377135880008","0.00175050623416113","8.32651246389464e-05"
"sd_mean_a","PA","A","-0.00363768157511523","0.00347250721556641","0.000165174359548818"
"sd_SATP","PA","A","0.00155625445150578","-0.00148559039611376","-7.06640553920175e-05"
"sd_ASTP","PA","A","0.00365028264436216","-0.00348453611446266","-0.000165746529899497"
"sd_Gini_r","PA","A","0.00365028264436216","-0.00348453611446266","-0.000165746529899497"
"sd_Gini_a","PA","A","0.00208142712360945","-0.00198691681945265","-9.45103041568002e-05"
"sd_alpha_r","PA","A","0.00365028264436216","-0.00348453611446266","-0.000165746529899497"
"sd_alpha_a","PA","A","0.00365028264436216","-0.00348453611446266","-0.000165746529899497"
"sd_h_r","PA","A","-0.00363768157511523","0.00347250721556641","0.000165174359548818"
"sd_h_a","PA","A","0.00365028264436216","-0.00348453611446266","-0.000165746529899497"
"sd_dur_day_total_IN_min","PA","A","-0.000503693688237693","0.000480822724783227","2.28709634544655e-05"
"sd_dur_day_total_LIG_min","PA","A","-0.000503693688237693","0.000480822724783227","2.28709634544655e-05"
"sd_dur_day_total_MOD_min","PA","A","-0.000503693688237693","0.000480822724783227","2.28709634544655e-05"
"sd_dur_day_total_VIG_min","PA","A","-0.000503693688237693","0.000480822724783227","2.28709634544655e-05"
"sd_dur_day_MVPA_bts_10_min","PA","A","-0.000503693688237693","0.000480822724783227","2.28709634544655e-05"
"sd_dur_day_MVPA_bts_5_10_min","PA","A","-0.000503693688237693","0.000480822724783227","2.28709634544655e-05"
"sd_dur_day_MVPA_bts_1_5_min","PA","A","-0.000503693688237693","0.000480822724783227","2.28709634544655e-05"
"sd_Nbouts_day_IN_bts_30","PA","A","-0.000503693688237693","0.000480822724783227","2.28709634544655e-05"
"sd_Nbouts_day_IN_bts_20_30","PA","A","-0.000503693688237693","0.000480822724783227","2.28709634544655e-05"
"sd_Nbouts_day_IN_bts_10_20","PA","A","0.00249228961277626","-0.00237912348426831","-0.000113166128507949"
"sd_Nbouts_day_LIG_bts_5_10","PA","A","-0.000503693688237693","0.000480822724783227","2.28709634544655e-05"
"sd_Nbouts_day_LIG_bts_1_5","PA","A","-0.000503693688237693","0.000480822724783227","2.28709634544655e-05"
"sd_Nbouts_day_MVPA_bts_10","PA","A","-0.000503693688237693","0.000480822724783227","2.28709634544655e-05"
"sd_Nbouts_day_MVPA_bts_5_10","PA","A","-0.000503693688237693","0.000480822724783227","2.28709634544655e-05"
"sd_Nbouts_day_MVPA_bts_1_5","PA","A","-0.000503693688237693","0.000480822724783227","2.28709634544655e-05"
"sd_Nblocks_day_total_IN","PA","A","-0.000503693688237693","0.000480822724783227","2.28709634544655e-05"
"sd_Nblocks_day_total_LIG","PA","A","-0.000503693688237693","0.000480822724783227","2.28709634544655e-05"
"sd_Nblocks_day_total_MOD","PA","A","-0.000503693688237693","0.000480822724783227","2.28709634544655e-05"
"sd_Nblocks_day_total_VIG","PA","A","-0.000503693688237693","0.000480822724783227","2.28709634544655e-05"
"L5TIME_num","CR","A","0","0","0"
"M10TIME_num","CR","A","0","0","0"
"L5VALUE","CR","A","0","0","0"
"M10VALUE","CR","A","0","0","0"
"RA_ggir","CR","A","0","0","0"
"L5","CR","A","0","0","0"
"M10","CR","A","0","0","0"
"L5TIME","CR","A","0","0","0"
"M10TIME","CR","A","0","0","0"
"RA","CR","A","0","0","0"
"IV","CR","A","0","0","0"
"IS","CR","A","0","0","0"
"IV_intradailyvariability","CR","A","0","0","0"
"IS_interdailystability","CR","A","0","0","0"
"mesor","CR","A","0","0","0"
"amp","CR","A","0","0","0"
"acro","CR","A","0","0","0"
"mesor_L","CR","A","0","0","0"
"amp_L","CR","A","0","0","0"
"acro_L","CR","A","0","0","0"
"PC1","CR","A","0","0","0"
"PC2","CR","A","0","0","0"
"PC3","CR","A","0","0","0"
"PC4","CR","A","0","0","0"
"PC5","CR","A","0","0","0"
"PC6","CR","A","0","0","0"
"PC7","CR","A","0","0","0"
"PC8","CR","A","0","0","0"
"PC9","CR","A","0","0","0"
"PC10","CR","A","0","0","0"
"sd_L5TIME_num","CR","A","0","0","0"
"sd_M10TIME_num","CR","A","0","0","0"
"sd_L5VALUE","CR","A","0","0","0"
"sd_M10VALUE","CR","A","0","0","0"
"sd_RA_ggir","CR","A","0","0","0"
"sd_L5","CR","A","0","0","0"
"sd_M10","CR","A","0","0","0"
"sd_L5TIME","CR","A","0","0","0"
"sd_M10TIME","CR","A","0","0","0"
"sd_RA","CR","A","0","0","0"
"sd_IV","CR","A","0","0","0"
