"argument","value","context"
"GGIR_version","Could not retrieve GGIR version"," not applicable"
"R_version","R version 4.0.3 (2020-10-10)"," not applicable"
"backup.cal.coef","retrieve","Calibration, Feature extraction, Epoch size, Time zone"
"chunksize","1","Calibration, Feature extraction, Epoch size, Time zone"
"configtz","c()","Calibration, Feature extraction, Epoch size, Time zone"
"dayborder","0","Calibration, Feature extraction, Epoch size, Time zone"
"do.anglex","FALSE","Calibration, Feature extraction, Epoch size, Time zone"
"do.angley","FALSE","Calibration, Feature extraction, Epoch size, Time zone"
"do.anglez","TRUE","Calibration, Feature extraction, Epoch size, Time zone"
"do.bfen","FALSE","Calibration, Feature extraction, Epoch size, Time zone"
"do.cal","TRUE","Calibration, Feature extraction, Epoch size, Time zone"
"do.dev_roll_med_acc_x","FALSE","Calibration, Feature extraction, Epoch size, Time zone"
"do.dev_roll_med_acc_y","FALSE","Calibration, Feature extraction, Epoch size, Time zone"
"do.dev_roll_med_acc_z","FALSE","Calibration, Feature extraction, Epoch size, Time zone"
"do.en","FALSE","Calibration, Feature extraction, Epoch size, Time zone"
"do.enmo","TRUE","Calibration, Feature extraction, Epoch size, Time zone"
"do.enmoa","FALSE","Calibration, Feature extraction, Epoch size, Time zone"
"do.hfen","FALSE","Calibration, Feature extraction, Epoch size, Time zone"
"do.hfenplus","FALSE","Calibration, Feature extraction, Epoch size, Time zone"
"do.lfen","FALSE","Calibration, Feature extraction, Epoch size, Time zone"
"do.lfenmo","FALSE","Calibration, Feature extraction, Epoch size, Time zone"
"do.mad","FALSE","Calibration, Feature extraction, Epoch size, Time zone"
"do.roll_med_acc_x","FALSE","Calibration, Feature extraction, Epoch size, Time zone"
"do.roll_med_acc_y","FALSE","Calibration, Feature extraction, Epoch size, Time zone"
"do.roll_med_acc_z","FALSE","Calibration, Feature extraction, Epoch size, Time zone"
"dynrange","c()","Calibration, Feature extraction, Epoch size, Time zone"
"hb","15","Calibration, Feature extraction, Epoch size, Time zone"
"lb","0.5","Calibration, Feature extraction, Epoch size, Time zone"
"minloadcrit","72","Calibration, Feature extraction, Epoch size, Time zone"
"myfun","c()","Calibration, Feature extraction, Epoch size, Time zone"
"n","4","Calibration, Feature extraction, Epoch size, Time zone"
"print.filename","TRUE","Calibration, Feature extraction, Epoch size, Time zone"
"printsummary","TRUE","Calibration, Feature extraction, Epoch size, Time zone"
"windowsizes","c(5,900,3600)","Calibration, Feature extraction, Epoch size, Time zone"
"acc.metric","ENMO","General parameters"
"bout.metric","4","General parameters"
"config_file_in_outputdir","/vf/users/guow4/project0/GGIR/postGGIR/postGGIR_compile/example/GGIR/output_binfile/config.csv","General parameters"
"data_cleaning_file","c()","General parameters"
"datadir","/vf/users/guow4/project0/GGIR/postGGIR/postGGIR_compile/example/GGIR/binfile","General parameters"
"desiredtz","Europe/Zurich","General parameters"
"do.bfx","FALSE","General parameters"
"do.bfy","FALSE","General parameters"
"do.bfz","FALSE","General parameters"
"do.hfx","FALSE","General parameters"
"do.hfy","FALSE","General parameters"
"do.hfz","FALSE","General parameters"
"do.lfx","FALSE","General parameters"
"do.lfy","FALSE","General parameters"
"do.lfz","FALSE","General parameters"
"do.parallel","TRUE","General parameters"
"do.report","c(2,4,5)","General parameters"
"do.sgAccEN","TRUE","General parameters"
"do.sgAnglex","FALSE","General parameters"
"do.sgAngley","FALSE","General parameters"
"do.sgAnglez","FALSE","General parameters"
"excludefirst.part4","FALSE","General parameters"
"excludelast.part4","FALSE","General parameters"
"f0","1","General parameters"
"f1","3","General parameters"
"GGIRversion"," 2.3-0","General parameters"
"i","49","General parameters"
"idloc","1","General parameters"
"includedaycrit.part5","0.666666666666667","General parameters"
"L5M5window","c(0,24)","General parameters"
"minimum_MM_length.part5","23","General parameters"
"minimumFileSizeMB","2","General parameters"
"mode","c(1,2,3,4,5)","General parameters"
"MX.ig.min.dur","10","General parameters"
"outputdir","/vf/users/guow4/project0/GGIR/postGGIR/postGGIR_compile/example/GGIR","General parameters"
"overwrite","FALSE","General parameters"
"part5_agg2_60seconds","FALSE","General parameters"
"relyonguider","FALSE","General parameters"
"rmc.bitrate","c()","General parameters"
"rmc.check4timegaps","FALSE","General parameters"
"rmc.col.acc","c(1,2,3)","General parameters"
"rmc.col.temp","c()","General parameters"
"rmc.col.time","c()","General parameters"
"rmc.col.wear","c()","General parameters"
"rmc.dec",".","General parameters"
"rmc.desiredtz","","General parameters"
"rmc.doresample","FALSE","General parameters"
"rmc.dynamic_range","c()","General parameters"
"rmc.firstrow.acc","c()","General parameters"
"rmc.firstrow.header","c()","General parameters"
"rmc.format.time","%Y-%m-%d %H:%M:%OS","General parameters"
"rmc.header.length","c()","General parameters"
"rmc.header.structure","c()","General parameters"
"rmc.headername.recordingid","c()","General parameters"
"rmc.headername.sf","c()","General parameters"
"rmc.headername.sn","c()","General parameters"
"rmc.noise","FALSE","General parameters"
"rmc.origin","1970-01-01","General parameters"
"rmc.sf","c()","General parameters"
"rmc.unit.acc","g","General parameters"
"rmc.unit.temp","C","General parameters"
"rmc.unit.time","POSIX","General parameters"
"rmc.unsignedbit","TRUE","General parameters"
"save_ms5raw_format","csv","General parameters"
"save_ms5raw_without_invalid","TRUE","General parameters"
"selectdaysfile","c()","General parameters"
"SI","c(list(platform = ""x86_64-pc-linux-gnu"", arch = ""x86_64"", os = ""linux-gnu"", system = ""x86_64, linux-gnu"", status = """", major = ""4"", minor = ""0.3"", year = ""2020"", month = ""10"", day = ""10"", `svn rev` = ""79318"", language = ""R"", version.string = ""R version 4.0.3 (2020-10-10)"", nickname = ""Bunny-Wunnies Freak Out""),x86_64-pc-linux-gnu (64-bit),LC_CTYPE=en_US.UTF-8;LC_NUMERIC=C;LC_TIME=en_US.UTF-8;LC_COLLATE=en_US.UTF-8;LC_MONETARY=en_US.UTF-8;LC_MESSAGES=en_US.UTF-8;LC_PAPER=en_US.UTF-8;LC_NAME=C;LC_ADDRESS=C;LC_TELEPHONE=C;LC_MEASUREMENT=en_US.UTF-8;LC_IDENTIFICATION=C,CentOS Linux 7 (Core),c(""Mersenne-Twister"", ""Inversion"", ""Rejection""),c(""stats"", ""graphics"", ""grDevices"", ""utils"", ""datasets"", ""methods"", ""base""),list(zoo = list(Package = ""zoo"", Version = ""1.8-8"", Date = ""2020-05-01"", Title = ""S3 Infrastructure for Regular and Irregular Time Series (Z's\nOrdered Observations)"", `Authors@R` = ""c(person(given = \""Achim\"", family = \""Zeileis\"", role = c(\""aut\"", \""cre\""), email = \""Achim.Zeileis@R-project.org\"",\n                    comment = c(ORCID = \""0000-0003-0918-3766\"")),\n             person(given = \""Gabor\"", family = \""Grothendieck\"", role = \""aut\"", email = \""ggrothendieck@gmail.com\""),\n             person(given = c(\""Jeffrey\"", \""A.\""), family = \""Ryan\"", role = \""aut\"", email = \""jeff.a.ryan@gmail.com\""),\n             person(given = c(\""Joshua\"", \""M.\""), family = \""Ulrich\"", role = \""ctb\"", email = \""josh.m.ulrich@gmail.com\""),\n             person(given = \""Felix\"", family = \""Andrews\"", role = \""ctb\"", email = \""felix@nfrac.org\""))"", 
    Description = ""An S3 class with methods for totally ordered indexed\n             observations. It is particularly aimed at irregular time series\n             of numeric vectors/matrices and factors. zoo's key design goals\n             are independence of a particular index/date/time class and\n             consistency with ts and base R by providing methods to extend\n             standard generics."", Depends = ""R (>= 3.1.0), stats"", Suggests = ""AER, coda, chron, fts, ggplot2 (>= 3.0.0), mondate, scales,\nstrucchange, timeDate, timeSeries, tis, tseries, xts"", 
    Imports = ""utils, graphics, grDevices, lattice (>= 0.20-27)"", License = ""GPL-2 | GPL-3"", URL = ""http://zoo.R-Forge.R-project.org/"", NeedsCompilation = ""yes"", Packaged = ""2020-05-02 13:38:49 UTC; zeileis"", Author = ""Achim Zeileis [aut, cre] (<https://orcid.org/0000-0003-0918-3766>),\n  Gabor Grothendieck [aut],\n  Jeffrey A. Ryan [aut],\n  Joshua M. Ulrich [ctb],\n  Felix Andrews [ctb]"", Maintainer = ""Achim Zeileis <Achim.Zeileis@R-project.org>"", Repository = ""CRAN"", `Date/Publication` = ""2020-05-02 16:14:00 UTC"", 
    Built = ""R 4.0.3; x86_64-pc-linux-gnu; 2020-11-02 19:23:14 UTC; unix""), GENEAread = list(Package = ""GENEAread"", Type = ""Package"", Title = ""Package for Reading Binary Files"", Version = ""2.0.9"", Date = ""2020-11-14"", `Authors@R` = ""c(\n    person(\""Zhou\"", \""Fang\"", role = \""aut\""),\n    person(\""Joss\"", \""Langford\"", role = \""aut\"", email = \""joss@activinsights.co.uk\""),\n    person(\""Charles\"", \""Sweetland\"", role = c(\""aut\"",\""cre\""), email = \""charles@sweetland-solutions.co.uk\""))"", Maintainer = ""Charles Sweetland <charles@sweetland-solutions.co.uk>"", 
    Description = ""Functions and analytics for GENEA-compatible accelerometer data into R objects. \n             See topic 'GENEAread' for an introduction to the package. \n             See <https://www.activinsights.com/products/geneactiv/> for more details on the GENEActiv device."", License = ""GPL-2 | GPL-3"", Encoding = ""UTF-8"", LazyData = ""true"", Depends = ""bitops, mmap"", Suggests = ""MASS, methods"", RoxygenNote = ""7.1.0"", NeedsCompilation = ""yes"", Packaged = ""2020-11-25 10:38:00 UTC; Charlie"", 
    Author = ""Zhou Fang [aut],\n  Joss Langford [aut],\n  Charles Sweetland [aut, cre]"", Repository = ""CRAN"", `Date/Publication` = ""2020-11-25 22:10:02 UTC"", Built = ""R 4.0.3; ; 2021-02-11 14:00:56 UTC; unix""), mmap = list(Package = ""mmap"", Type = ""Package"", Title = ""Map Pages of Memory"", Version = ""0.6-19"", Date = ""2020-01-12"", Author = ""Jeffrey A. Ryan"", LazyLoad = ""yes"", Maintainer = ""Jeffrey A. Ryan <jeff.a.ryan@gmail.com>"", Description = ""R interface to POSIX mmap and Window's MapViewOfFile."", 
    VignetteBuilder = ""utils"", License = ""GPL-3"", NeedsCompilation = ""yes"", Packaged = ""2020-01-12 20:14:11 UTC; jryan"", Repository = ""CRAN"", `Date/Publication` = ""2020-01-14 10:40:02 UTC"", Built = ""R 4.0.3; x86_64-pc-linux-gnu; 2020-11-02 19:15:57 UTC; unix""), bitops = list(Package = ""bitops"", Version = ""1.0-6"", Date = ""2013-08-17"", Author = ""S original by Steve Dutky <sdutky@terpalum.umd.edu> initial R\n        port and extensions by Martin Maechler; revised and modified\n        by Steve Dutky"", 
    Maintainer = ""Martin Maechler <maechler@stat.math.ethz.ch>"", Title = ""Bitwise Operations"", Description = ""Functions for bitwise operations on integer vectors."", License = ""GPL (>= 2)"", Packaged = ""2013-08-17 15:58:57 UTC; maechler"", NeedsCompilation = ""yes"", Repository = ""CRAN"", `Date/Publication` = ""2013-08-17 21:10:34"", Built = ""R 4.0.3; x86_64-pc-linux-gnu; 2020-11-02 19:10:12 UTC; unix""), GGIR = list(Package = ""GGIR"", Type = ""Package"", Title = ""Raw Accelerometer Data Analysis"", Version = ""2.3-0"", 
    Date = ""2021-02-17"", `Authors@R` = ""c(person(\""Vincent T\"",\""van Hees\"",role=c(\""aut\"",\""cre\""),\n                  email=\""v.vanhees@accelting.com\""),\n                  person(\""Zhou\"",\""Fang\"",role=\""ctb\""),\n                  person(\""Jing Hua\"",\""Zhao\"",role=\""ctb\""),\n                  person(\""Joe\"",\""Heywood\"",role=\""ctb\""),\n                  person(\""Evgeny\"",\""Mirkes\"",role=\""ctb\""),\n                  person(\""Severine\"",\""Sabia\"",role=\""ctb\""),\n                  person(\""Joan\"",\""Capdevila Pujol\"",role=\""ctb\""),\n                  person(\""Jairo H\"",\""Migueles\"",role=\""ctb\""),\n                  person(\""Matthew R\"",\""Patterson\"",role=\""ctb\""),\n                  person(\""Dan\"",\""Jackson\"",role=\""ctb\""))"", 
    Maintainer = ""Vincent T van Hees <v.vanhees@accelting.com>"", Description = ""A tool to process and analyse data collected with wearable raw acceleration sensors as described in Migueles and colleagues (JMPB 2019), and van Hees and colleagues (JApplPhysiol 2014; PLoSONE 2015). The package has been developed and tested for binary data from 'GENEActiv' <https://www.activinsights.com/> and GENEA devices (not for sale), .csv-export data from  'Actigraph' <https://actigraphcorp.com> devices, and .cwa and .wav-format data from 'Axivity' <https://axivity.com>. These devices are currently widely used in research on human daily physical activity. Further, the package can handle accelerometer data file from any other sensor brand providing that the data is stored in csv format and has either no header or a two column header. Also the package allows for external function embedding."", 
    URL = ""https://github.com/wadpac/GGIR/,\nhttps://groups.google.com/forum/#!forum/RpackageGGIR"", BugReports = ""https://github.com/wadpac/GGIR/issues"", License = ""LGPL (>= 2.0, < 3) | file LICENSE"", Suggests = ""testthat, covr, knitr, rmarkdown"", Imports = ""data.table, Rcpp (>= 0.12.10), foreach, doParallel, signal,\nzoo, bitops, matlab, GENEAread, tuneR, unisensR"", Depends = ""stats, utils, R (>= 3.5.0)"", NeedsCompilation = ""yes"", LinkingTo = ""Rcpp"", VignetteBuilder = ""knitr"", ByteCompile = ""yes"", 
    Packaged = ""2021-02-17 18:17:40 UTC; vincent"", Author = ""Vincent T van Hees [aut, cre],\n  Zhou Fang [ctb],\n  Jing Hua Zhao [ctb],\n  Joe Heywood [ctb],\n  Evgeny Mirkes [ctb],\n  Severine Sabia [ctb],\n  Joan Capdevila Pujol [ctb],\n  Jairo H Migueles [ctb],\n  Matthew R Patterson [ctb],\n  Dan Jackson [ctb]"", Repository = ""CRAN"", `Date/Publication` = ""2021-02-17 22:50:07 UTC"", Built = ""R 4.0.3; x86_64-pc-linux-gnu; 2021-02-19 00:22:43 UTC; unix"")),list(compiler = list(Package = ""compiler"", Version = ""4.0.3"", Priority = ""base"", Title = ""The R Compiler Package"", Author = ""Luke Tierney <luke-tierney@uiowa.edu>"", Maintainer = ""R Core Team <R-core@r-project.org>"", Description = ""Byte code compiler for R."", License = ""Part of R 4.0.3"", Built = ""R 4.0.3; ; 2020-11-02 15:18:33 UTC; unix""), Rcpp = list(Package = ""Rcpp"", Title = ""Seamless R and C++ Integration"", Version = ""1.0.6"", Date = ""2021-01-14"", Author = ""Dirk Eddelbuettel, Romain Francois, JJ Allaire, Kevin Ushey, Qiang Kou,\n Nathan Russell, Douglas Bates and John Chambers"", 
    Maintainer = ""Dirk Eddelbuettel <edd@debian.org>"", Description = ""The 'Rcpp' package provides R functions as well as C++ classes which\n offer a seamless integration of R and C++. Many R data types and objects can be\n mapped back and forth to C++ equivalents which facilitates both writing of new\n code as well as easier integration of third-party libraries. Documentation\n about 'Rcpp' is provided by several vignettes included in this package, via the\n 'Rcpp Gallery' site at <https://gallery.rcpp.org>, the paper by Eddelbuettel and\n Francois (2011, <doi:10.18637/jss.v040.i08>), the book by Eddelbuettel (2013,\n <doi:10.1007/978-1-4614-6868-4>) and the paper by Eddelbuettel and Balamuta (2018,\n <doi:10.1080/00031305.2017.1375990>); see 'citation(\""Rcpp\"")' for details."", 
    Imports = ""methods, utils"", Suggests = ""tinytest, inline, rbenchmark, pkgKitten (>= 0.1.2)"", URL = ""http://www.rcpp.org, https://dirk.eddelbuettel.com/code/rcpp.html,\nhttps://github.com/RcppCore/Rcpp"", License = ""GPL (>= 2)"", BugReports = ""https://github.com/RcppCore/Rcpp/issues"", MailingList = ""rcpp-devel@lists.r-forge.r-project.org"", RoxygenNote = ""6.1.1"", NeedsCompilation = ""yes"", Packaged = ""2021-01-14 13:44:02 UTC; edd"", Repository = ""CRAN"", `Date/Publication` = ""2021-01-15 13:10:13 UTC"", 
    Built = ""R 4.0.3; x86_64-pc-linux-gnu; 2021-02-11 13:57:28 UTC; unix""), grid = list(Package = ""grid"", Version = ""4.0.3"", Priority = ""base"", Title = ""The Grid Graphics Package"", Author = ""Paul Murrell <paul@stat.auckland.ac.nz>"", Maintainer = ""R Core Team <R-core@r-project.org>"", Description = ""A rewrite of the graphics layout capabilities, plus some\n  support for interaction."", Imports = ""grDevices, utils"", Suggests = ""lattice"", License = ""Part of R 4.0.3"", NeedsCompilation = ""yes"", Built = ""R 4.0.3; x86_64-pc-linux-gnu; 2020-11-02 15:21:00 UTC; unix""), 
    data.table = list(Package = ""data.table"", Version = ""1.13.6"", Title = ""Extension of `data.frame`"", `Authors@R` = ""c(\n  person(\""Matt\"",\""Dowle\"",           role=c(\""aut\"",\""cre\""), email=\""mattjdowle@gmail.com\""),\n  person(\""Arun\"",\""Srinivasan\"",      role=\""aut\"",          email=\""arunkumar.sriniv@gmail.com\""),\n  person(\""Jan\"",\""Gorecki\"",          role=\""ctb\""),\n  person(\""Michael\"",\""Chirico\"",      role=\""ctb\""),\n  person(\""Pasha\"",\""Stetsenko\"",      role=\""ctb\""),\n  person(\""Tom\"",\""Short\"",            role=\""ctb\""),\n  person(\""Steve\"",\""Lianoglou\"",      role=\""ctb\""),\n  person(\""Eduard\"",\""Antonyan\"",      role=\""ctb\""),\n  person(\""Markus\"",\""Bonsch\"",        role=\""ctb\""),\n  person(\""Hugh\"",\""Parsonage\"",       role=\""ctb\""),\n  person(\""Scott\"",\""Ritchie\"",        role=\""ctb\""),\n  person(\""Kun\"",\""Ren\"",              role=\""ctb\""),\n  person(\""Xianying\"",\""Tan\"",         role=\""ctb\""),\n  person(\""Rick\"",\""Saporta\"",         role=\""ctb\""),\n  person(\""Otto\"",\""Seiskari\"",        role=\""ctb\""),\n  person(\""Xianghui\"",\""Dong\"",        role=\""ctb\""),\n  person(\""Michel\"",\""Lang\"",          role=\""ctb\""),\n  person(\""Watal\"",\""Iwasaki\"",        role=\""ctb\""),\n  person(\""Seth\"",\""Wenchel\"",         role=\""ctb\""),\n  person(\""Karl\"",\""Broman\"",          role=\""ctb\""),\n  person(\""Tobias\"",\""Schmidt\"",       role=\""ctb\""),\n  person(\""David\"",\""Arenburg\"",       role=\""ctb\""),\n  person(\""Ethan\"",\""Smith\"",          role=\""ctb\""),\n  person(\""Francois\"",\""Cocquemas\"",   role=\""ctb\""),\n  person(\""Matthieu\"",\""Gomez\"",       role=\""ctb\""),\n  person(\""Philippe\"",\""Chataignon\"",  role=\""ctb\""),\n  person(\""Nello\"",\""Blaser\"",         role=\""ctb\""),\n  person(\""Dmitry\"",\""Selivanov\"",     role=\""ctb\""),\n  person(\""Andrey\"",\""Riabushenko\"",   role=\""ctb\""),\n  person(\""Cheng\"",\""Lee\"",            role=\""ctb\""),\n  person(\""Declan\"",\""Groves\"",        role=\""ctb\""),\n  person(\""Daniel\"",\""Possenriede\"",   role=\""ctb\""),\n  person(\""Felipe\"",\""Parages\"",       role=\""ctb\""),\n  person(\""Denes\"",\""Toth\"",           role=\""ctb\""),\n  person(\""Mus\"",\""Yaramaz-David\"",    role=\""ctb\""),\n  person(\""Ayappan\"",\""Perumal\"",      role=\""ctb\""),\n  person(\""James\"",\""Sams\"",           role=\""ctb\""),\n  person(\""Martin\"",\""Morgan\"",        role=\""ctb\""),\n  person(\""Michael\"",\""Quinn\"",        role=\""ctb\""),\n  person(\""@javrucebo\"",\""\"",          role=\""ctb\""),\n  person(\""@marc-outins\"",\""\"",        role=\""ctb\""),\n  person(\""Roy\"",\""Storey\"",           role=\""ctb\""),\n  person(\""Manish\"",\""Saraswat\"",      role=\""ctb\""),\n  person(\""Morgan\"",\""Jacob\"",         role=\""ctb\""),\n  person(\""Michael\"",\""Schubmehl\"",    role=\""ctb\""),\n  person(\""Davis\"",\""Vaughan\"",        role=\""ctb\""),\n  person(\""Toby\"",\""Hocking\"",         role=\""ctb\""),\n  person(\""Leonardo\"",\""Silvestri\"",   role=\""ctb\""),\n  person(\""Tyson\"",\""Barrett\"",        role=\""ctb\""),\n  person(\""Jim\"",\""Hester\"",           role=\""ctb\""),\n  person(\""Anthony\"",\""Damico\"",       role=\""ctb\""),\n  person(\""Sebastian\"",\""Freundt\"",    role=\""ctb\""),\n  person(\""David\"",\""Simons\"",         role=\""ctb\""),\n  person(\""Elliott\"",\""Sales de Andrade\"", role=\""ctb\""),\n  person(\""Cole\"",\""Miller\"",          role=\""ctb\""),\n  person(\""Jens Peder\"",\""Meldgaard\"", role=\""ctb\""),\n  person(\""Vaclav\"",\""Tlapak\"",        role=\""ctb\""),\n  person(\""Kevin\"",\""Ushey\"",          role=\""ctb\""),\n  person(\""Dirk\"",\""Eddelbuettel\"",    role=\""ctb\""))"", 
        Depends = ""R (>= 3.1.0)"", Imports = ""methods"", Suggests = ""bit64 (>= 4.0.0), bit (>= 4.0.4), curl, R.utils, xts,\nnanotime, zoo (>= 1.8-1), yaml, knitr, rmarkdown"", SystemRequirements = ""zlib"", Description = ""Fast aggregation of large data (e.g. 100GB in RAM), fast ordered joins, fast add/modify/delete of columns by group using no copies at all, list columns, friendly and fast character-separated-value read/write. Offers a natural and flexible syntax, for faster development."", License = ""MPL-2.0 | file LICENSE"", 
        URL = ""https://Rdatatable.gitlab.io/data.table,\nhttps://github.com/Rdatatable/data.table"", BugReports = ""https://github.com/Rdatatable/data.table/issues"", VignetteBuilder = ""knitr"", ByteCompile = ""TRUE"", NeedsCompilation = ""yes"", Packaged = ""2020-12-15 07:08:14 UTC; mdowle"", Author = ""Matt Dowle [aut, cre],\n  Arun Srinivasan [aut],\n  Jan Gorecki [ctb],\n  Michael Chirico [ctb],\n  Pasha Stetsenko [ctb],\n  Tom Short [ctb],\n  Steve Lianoglou [ctb],\n  Eduard Antonyan [ctb],\n  Markus Bonsch [ctb],\n  Hugh Parsonage [ctb],\n  Scott Ritchie [ctb],\n  Kun Ren [ctb],\n  Xianying Tan [ctb],\n  Rick Saporta [ctb],\n  Otto Seiskari [ctb],\n  Xianghui Dong [ctb],\n  Michel Lang [ctb],\n  Watal Iwasaki [ctb],\n  Seth Wenchel [ctb],\n  Karl Broman [ctb],\n  Tobias Schmidt [ctb],\n  David Arenburg [ctb],\n  Ethan Smith [ctb],\n  Francois Cocquemas [ctb],\n  Matthieu Gomez [ctb],\n  Philippe Chataignon [ctb],\n  Nello Blaser [ctb],\n  Dmitry Selivanov [ctb],\n  Andrey Riabushenko [ctb],\n  Cheng Lee [ctb],\n  Declan Groves [ctb],\n  Daniel Possenriede [ctb],\n  Felipe Parages [ctb],\n  Denes Toth [ctb],\n  Mus Yaramaz-David [ctb],\n  Ayappan Perumal [ctb],\n  James Sams [ctb],\n  Martin Morgan [ctb],\n  Michael Quinn [ctb],\n  @javrucebo [ctb],\n  @marc-outins [ctb],\n  Roy Storey [ctb],\n  Manish Saraswat [ctb],\n  Morgan Jacob [ctb],\n  Michael Schubmehl [ctb],\n  Davis Vaughan [ctb],\n  Toby Hocking [ctb],\n  Leonardo Silvestri [ctb],\n  Tyson Barrett [ctb],\n  Jim Hester [ctb],\n  Anthony Damico [ctb],\n  Sebastian Freundt [ctb],\n  David Simons [ctb],\n  Elliott Sales de Andrade [ctb],\n  Cole Miller [ctb],\n  Jens Peder Meldgaard [ctb],\n  Vaclav Tlapak [ctb],\n  Kevin Ushey [ctb],\n  Dirk Eddelbuettel [ctb]"", 
        Maintainer = ""Matt Dowle <mattjdowle@gmail.com>"", Repository = ""CRAN"", `Date/Publication` = ""2020-12-30 15:50:03 UTC"", Built = ""R 4.0.3; x86_64-pc-linux-gnu; 2021-02-11 13:58:38 UTC; unix""), lattice = list(Package = ""lattice"", Version = ""0.20-41"", Date = ""2020-04-01"", Priority = ""recommended"", Title = ""Trellis Graphics for R"", `Authors@R` = ""c(person(\""Deepayan\"", \""Sarkar\"", role = c(\""aut\"", \""cre\""),\n\t            email = \""deepayan.sarkar@r-project.org\"",\n\t\t    comment = c(ORCID = \""0000-0003-4107-1553\"")),\n              person(\""Felix\"", \""Andrews\"", role = \""ctb\""),\n\t      person(\""Kevin\"", \""Wright\"", role = \""ctb\"", comment = \""documentation\""),\n\t      person(\""Neil\"", \""Klepeis\"", role = \""ctb\""),\n              person(\""Paul\"", \""Murrell\"", role = \""ctb\"", email = \""paul@stat.auckland.ac.nz\""))"", 
        Description = ""A powerful and elegant high-level data visualization\n  system inspired by Trellis graphics, with an emphasis on\n  multivariate data. Lattice is sufficient for typical graphics needs,\n  and is also flexible enough to handle most nonstandard requirements.\n  See ?Lattice for an introduction."", Depends = ""R (>= 3.0.0)"", Suggests = ""KernSmooth, MASS, latticeExtra"", Imports = ""grid, grDevices, graphics, stats, utils"", Enhances = ""chron"", LazyLoad = ""yes"", LazyData = ""yes"", License = ""GPL (>= 2)"", 
        URL = ""http://lattice.r-forge.r-project.org/"", BugReports = ""https://github.com/deepayan/lattice/issues"", NeedsCompilation = ""yes"", Packaged = ""2020-04-02 10:52:37 UTC; deepayan"", Author = ""Deepayan Sarkar [aut, cre] (<https://orcid.org/0000-0003-4107-1553>),\n  Felix Andrews [ctb],\n  Kevin Wright [ctb] (documentation),\n  Neil Klepeis [ctb],\n  Paul Murrell [ctb]"", Maintainer = ""Deepayan Sarkar <deepayan.sarkar@r-project.org>"", Repository = ""CRAN"", `Date/Publication` = ""2020-04-02 12:00:06 UTC"", 
        Built = ""R 4.0.3; x86_64-pc-linux-gnu; 2020-11-02 15:23:33 UTC; unix"")),default,/usr/local/intel/compilers_and_libraries_2019.1.144/linux/mkl/lib/intel64_lin/libmkl_rt.so,/usr/local/intel/compilers_and_libraries_2019.1.144/linux/mkl/lib/intel64_lin/libmkl_rt.so,NULL,NULL)","General parameters"
"storefolderstructure","FALSE","General parameters"
"studyname","Example","General parameters"
"anglethreshold","5","Parameters sleep detection"
"constrain2range","TRUE","Parameters sleep detection"
"ignorenonwear","TRUE","Parameters sleep detection"
"timethreshold","5","Parameters sleep detection"
"colid","1","Parameters sleep period time detection with or wihout sleeplog"
"coln1","1","Parameters sleep period time detection with or wihout sleeplog"
"criterror","0","Parameters sleep period time detection with or wihout sleeplog"
"def.noc.sleep","1","Parameters sleep period time detection with or wihout sleeplog"
"do.visual","TRUE","Parameters sleep period time detection with or wihout sleeplog"
"excludefirstlast","FALSE","Parameters sleep period time detection with or wihout sleeplog"
"includenightcrit","16","Parameters sleep period time detection with or wihout sleeplog"
"loglocation","c()","Parameters sleep period time detection with or wihout sleeplog"
"nnights","14","Parameters sleep period time detection with or wihout sleeplog"
"outliers.only","FALSE","Parameters sleep period time detection with or wihout sleeplog"
"relyonsleeplog","FALSE","Parameters sleep period time detection with or wihout sleeplog"
"sleeplogidnum","FALSE","Parameters sleep period time detection with or wihout sleeplog"
"boutcriter.in","0.9","Parameters time-use variables"
"boutcriter.lig","0.8","Parameters time-use variables"
"boutcriter.mvpa","0.8","Parameters time-use variables"
"boutdur.in","c(10,20,30)","Parameters time-use variables"
"boutdur.lig","c(1,5,10)","Parameters time-use variables"
"boutdur.mvpa","c(1,5,10)","Parameters time-use variables"
"excludefirstlast.part5","FALSE","Parameters time-use variables"
"save_ms5rawlevels","FALSE","Parameters time-use variables"
"threshold.lig","c(30,40,50)","Parameters time-use variables"
"threshold.mod","c(100,120,125)","Parameters time-use variables"
"threshold.vig","c(400,500)","Parameters time-use variables"
"timewindow","WW","Parameters time-use variables"
"boutcriter","0.8","Study design, Parameters descriptive analysis"
"closedbout","FALSE","Study design, Parameters descriptive analysis"
"do.imp","TRUE","Study design, Parameters descriptive analysis"
"do.part3.pdf","TRUE","Study design, Parameters descriptive analysis"
"epochvalues2csv","TRUE","Study design, Parameters descriptive analysis"
"hrs.del.end","0","Study design, Parameters descriptive analysis"
"hrs.del.start","0","Study design, Parameters descriptive analysis"
"iglevels","c()","Study design, Parameters descriptive analysis"
"ilevels","c(0,50,100,150,200,250,300,350,400,8000)","Study design, Parameters descriptive analysis"
"includedaycrit","16","Study design, Parameters descriptive analysis"
"IVIS_epochsize_seconds","c()","Study design, Parameters descriptive analysis"
"IVIS_windowsize_minutes","60","Study design, Parameters descriptive analysis"
"IVIS.activity.metric","2","Study design, Parameters descriptive analysis"
"M5L5res","10","Study design, Parameters descriptive analysis"
"maxdur","15","Study design, Parameters descriptive analysis"
"mvpadur","c(1,5,10)","Study design, Parameters descriptive analysis"
"mvpathreshold","125","Study design, Parameters descriptive analysis"
"ndayswindow","7","Study design, Parameters descriptive analysis"
"qlevels","c(0.958333333333333,0.979166666666667)","Study design, Parameters descriptive analysis"
"qM5L5","c()","Study design, Parameters descriptive analysis"
"qwindow","c(0,24)","Study design, Parameters descriptive analysis"
"strategy","1","Study design, Parameters descriptive analysis"
"TimeSegments2ZeroFile","c()","Study design, Parameters descriptive analysis"
"window.summary.size","10","Study design, Parameters descriptive analysis"
"winhr","c(5,10)","Study design, Parameters descriptive analysis"
"dofirstpage","TRUE","Visual report"
"viewingwindow","1","Visual report"
"visualreport","TRUE","Visual report"
