"feature","domain","jive","ID001__028931_2017-12-05-10-45-13.bin","ID002__028965_2017-12-05-10-38-41.bin","ID003__028934_2017-12-05-10-23-03.bin"
"sleeponset","SL","J","0","0","0"
"wakeup","SL","J","0","0","0"
"number_sib_wakinghours","SL","J","0","0","0"
"SleepDurationInSpt","SL","J","0","0","0"
"sleep_Midpoint","SL","J","0","0","0"
"sleep_efficiency","SL","J","0","0","0"
"N_atleast5minwakenight","SL","J","0","0","0"
"ACC_spt_sleep_mg","SL","J","0","0","0"
"Nblocks_spt_sleep","SL","J","0","0","0"
"sd_sleeponset","SL","J","0","0","0"
"sd_wakeup","SL","J","0","0","0"
"sd_number_sib_wakinghours","SL","J","0","0","0"
"sd_SleepDurationInSpt","SL","J","0","0","0"
"sd_sleep_Midpoint","SL","J","0","0","0"
"sd_sleep_efficiency","SL","J","0","0","0"
"sd_N_atleast5minwakenight","SL","J","0","0","0"
"sd_ACC_spt_sleep_mg","SL","J","0","0","0"
"sd_Nblocks_spt_sleep","SL","J","0","0","0"
"TAC","PA","J","0","0","0"
"TLAC","PA","J","0","0","0"
"sed_time","PA","J","0","0","0"
"light_time","PA","J","0","0","0"
"mod_time","PA","J","0","0","0"
"vig_time","PA","J","0","0","0"
"MVPA_time","PA","J","0","0","0"
"activity_time","PA","J","0","0","0"
"sed_time_M10","PA","J","0","0","0"
"light_time_M10","PA","J","0","0","0"
"mod_time_M10","PA","J","0","0","0"
"vig_time_M10","PA","J","0","0","0"
"MVPA_time_M10","PA","J","0","0","0"
"activity_time_M10","PA","J","0","0","0"
"sed_time_24h","PA","J","0","0","0"
"light_time_24h","PA","J","0","0","0"
"mod_time_24h","PA","J","0","0","0"
"vig_time_24h","PA","J","0","0","0"
"MVPA_time_24h","PA","J","0","0","0"
"activity_time_24h","PA","J","0","0","0"
"mean_r","PA","J","0","0","0"
"mean_a","PA","J","0","0","0"
"SATP","PA","J","0","0","0"
"ASTP","PA","J","0","0","0"
"Gini_r","PA","J","0","0","0"
"Gini_a","PA","J","0","0","0"
"alpha_r","PA","J","0","0","0"
"alpha_a","PA","J","0","0","0"
"h_r","PA","J","0","0","0"
"h_a","PA","J","0","0","0"
"dur_day_total_IN_min","PA","J","0","0","0"
"dur_day_total_LIG_min","PA","J","0","0","0"
"dur_day_total_MOD_min","PA","J","0","0","0"
"dur_day_total_VIG_min","PA","J","0","0","0"
"dur_day_MVPA_bts_10_min","PA","J","0","0","0"
"dur_day_MVPA_bts_5_10_min","PA","J","0","0","0"
"dur_day_MVPA_bts_1_5_min","PA","J","0","0","0"
"Nbouts_day_IN_bts_30","PA","J","0","0","0"
"Nbouts_day_IN_bts_20_30","PA","J","0","0","0"
"Nbouts_day_IN_bts_10_20","PA","J","0","0","0"
"Nbouts_day_LIG_bts_10","PA","J","0","0","0"
"Nbouts_day_LIG_bts_5_10","PA","J","0","0","0"
"Nbouts_day_LIG_bts_1_5","PA","J","0","0","0"
"Nbouts_day_MVPA_bts_10","PA","J","0","0","0"
"Nbouts_day_MVPA_bts_5_10","PA","J","0","0","0"
"Nbouts_day_MVPA_bts_1_5","PA","J","0","0","0"
"Nblocks_day_total_IN","PA","J","0","0","0"
"Nblocks_day_total_LIG","PA","J","0","0","0"
"Nblocks_day_total_MOD","PA","J","0","0","0"
"Nblocks_day_total_VIG","PA","J","0","0","0"
"sd_TAC","PA","J","0","0","0"
"sd_TLAC","PA","J","0","0","0"
"sd_sed_time","PA","J","0","0","0"
"sd_light_time","PA","J","0","0","0"
"sd_mod_time","PA","J","0","0","0"
"sd_vig_time","PA","J","0","0","0"
"sd_MVPA_time","PA","J","0","0","0"
"sd_activity_time","PA","J","0","0","0"
"sd_sed_time_M10","PA","J","0","0","0"
"sd_light_time_M10","PA","J","0","0","0"
"sd_mod_time_M10","PA","J","0","0","0"
"sd_vig_time_M10","PA","J","0","0","0"
"sd_MVPA_time_M10","PA","J","0","0","0"
"sd_activity_time_M10","PA","J","0","0","0"
"sd_sed_time_24h","PA","J","0","0","0"
"sd_light_time_24h","PA","J","0","0","0"
"sd_mod_time_24h","PA","J","0","0","0"
"sd_vig_time_24h","PA","J","0","0","0"
"sd_MVPA_time_24h","PA","J","0","0","0"
"sd_activity_time_24h","PA","J","0","0","0"
"sd_mean_r","PA","J","0","0","0"
"sd_mean_a","PA","J","0","0","0"
"sd_SATP","PA","J","0","0","0"
"sd_ASTP","PA","J","0","0","0"
"sd_Gini_r","PA","J","0","0","0"
"sd_Gini_a","PA","J","0","0","0"
"sd_alpha_r","PA","J","0","0","0"
"sd_alpha_a","PA","J","0","0","0"
"sd_h_r","PA","J","0","0","0"
"sd_h_a","PA","J","0","0","0"
"sd_dur_day_total_IN_min","PA","J","0","0","0"
"sd_dur_day_total_LIG_min","PA","J","0","0","0"
"sd_dur_day_total_MOD_min","PA","J","0","0","0"
"sd_dur_day_total_VIG_min","PA","J","0","0","0"
"sd_dur_day_MVPA_bts_10_min","PA","J","0","0","0"
"sd_dur_day_MVPA_bts_5_10_min","PA","J","0","0","0"
"sd_dur_day_MVPA_bts_1_5_min","PA","J","0","0","0"
"sd_Nbouts_day_IN_bts_30","PA","J","0","0","0"
"sd_Nbouts_day_IN_bts_20_30","PA","J","0","0","0"
"sd_Nbouts_day_IN_bts_10_20","PA","J","0","0","0"
"sd_Nbouts_day_LIG_bts_10","PA","J","0","0","0"
"sd_Nbouts_day_LIG_bts_5_10","PA","J","0","0","0"
"sd_Nbouts_day_LIG_bts_1_5","PA","J","0","0","0"
"sd_Nbouts_day_MVPA_bts_10","PA","J","0","0","0"
"sd_Nbouts_day_MVPA_bts_5_10","PA","J","0","0","0"
"sd_Nbouts_day_MVPA_bts_1_5","PA","J","0","0","0"
"sd_Nblocks_day_total_IN","PA","J","0","0","0"
"sd_Nblocks_day_total_LIG","PA","J","0","0","0"
"sd_Nblocks_day_total_MOD","PA","J","0","0","0"
"sd_Nblocks_day_total_VIG","PA","J","0","0","0"
"RA_ggir","CR","J","0","0","0"
"RA","CR","J","0","0","0"
"L5TIME_num","CR","J","0","0","0"
"M10TIME_num","CR","J","0","0","0"
"L5VALUE","CR","J","0","0","0"
"M10VALUE","CR","J","0","0","0"
"M10","CR","J","0","0","0"
"L5","CR","J","0","0","0"
"L5TIME","CR","J","0","0","0"
"M10TIME","CR","J","0","0","0"
"IV_intradailyvariability","CR","J","0","0","0"
"IS_interdailystability","CR","J","0","0","0"
"IV","CR","J","0","0","0"
"IS","CR","J","0","0","0"
"mesor","CR","J","0","0","0"
"amp","CR","J","0","0","0"
"acro","CR","J","0","0","0"
"mesor_L","CR","J","0","0","0"
"amp_L","CR","J","0","0","0"
"acro_L","CR","J","0","0","0"
"PC1","CR","J","0","0","0"
"PC2","CR","J","0","0","0"
"PC3","CR","J","0","0","0"
"PC4","CR","J","0","0","0"
"PC5","CR","J","0","0","0"
"PC6","CR","J","0","0","0"
"PC7","CR","J","0","0","0"
"PC8","CR","J","0","0","0"
"PC9","CR","J","0","0","0"
"PC10","CR","J","0","0","0"
"sd_RA_ggir","CR","J","0","0","0"
"sd_RA","CR","J","0","0","0"
"sd_L5TIME_num","CR","J","0","0","0"
"sd_M10TIME_num","CR","J","0","0","0"
"sd_L5VALUE","CR","J","0","0","0"
"sd_M10VALUE","CR","J","0","0","0"
"sd_M10","CR","J","0","0","0"
"sd_L5","CR","J","0","0","0"
"sd_L5TIME","CR","J","0","0","0"
"sd_M10TIME","CR","J","0","0","0"
"sd_IV","CR","J","0","0","0"
"sleeponset","SL","A","-0.00402985823033728","-0.00463363409558599","0.00866349232592326"
"wakeup","SL","A","-0.00402985823033728","-0.00463363409558599","0.00866349232592327"
"number_sib_wakinghours","SL","A","0.00365980556540051","0.00420813807378923","-0.00786794363918974"
"SleepDurationInSpt","SL","A","1.21619734573226e-05","1.39841482405561e-05","-2.61461216978787e-05"
"sleep_Midpoint","SL","A","-0.00402985823033728","-0.00463363409558598","0.00866349232592326"
"sleep_efficiency","SL","A","0.00385206955709301","0.00442920813043617","-0.00828127768752918"
"N_atleast5minwakenight","SL","A","-0.00389593838915635","-0.00447964963590948","0.00837558802506583"
"ACC_spt_sleep_mg","SL","A","-0.00389593838915635","-0.00447964963590948","0.00837558802506583"
"Nblocks_spt_sleep","SL","A","-0.00389593838915635","-0.00447964963590948","0.00837558802506583"
"sd_sleeponset","SL","A","0.00188709026071637","0.00216982466223677","-0.00405691492295314"
"sd_wakeup","SL","A","-0.00389593838915635","-0.00447964963590948","0.00837558802506583"
"sd_number_sib_wakinghours","SL","A","-0.00389593838915635","-0.00447964963590948","0.00837558802506583"
"sd_SleepDurationInSpt","SL","A","-0.00389593838915635","-0.00447964963590948","0.00837558802506583"
"sd_sleep_Midpoint","SL","A","-0.00389593838915635","-0.00447964963590948","0.00837558802506583"
"sd_sleep_efficiency","SL","A","-0.00389593838915635","-0.00447964963590948","0.00837558802506583"
"sd_N_atleast5minwakenight","SL","A","-0.00389593838915635","-0.00447964963590948","0.00837558802506583"
"sd_ACC_spt_sleep_mg","SL","A","0.00188709026071637","0.00216982466223677","-0.00405691492295314"
"sd_Nblocks_spt_sleep","SL","A","-0.00389593838915635","-0.00447964963590948","0.00837558802506583"
"TAC","PA","A","0.00149901405205012","-0.00143094908240131","-6.8064969648819e-05"
"TLAC","PA","A","0.00149901405205013","-0.00143094908240131","-6.80649696488192e-05"
"sed_time","PA","A","-0.00176632364484401","0.00168612108429305","8.02025605509662e-05"
"light_time","PA","A","0.00149901405205012","-0.00143094908240131","-6.80649696488191e-05"
"mod_time","PA","A","-0.00174969841219148","0.00167025074513491","7.94476670565714e-05"
"vig_time","PA","A","0.00149901405205012","-0.00143094908240131","-6.80649696488191e-05"
"MVPA_time","PA","A","-0.00174969841219148","0.00167025074513491","7.94476670565714e-05"
"activity_time","PA","A","0.00149901405205012","-0.00143094908240131","-6.80649696488191e-05"
"sed_time_M10","PA","A","0.00200487041408322","-0.00191383628154941","-9.10341325338203e-05"
"light_time_M10","PA","A","0.0035160220570355","-0.00335637182942796","-0.000159650227607538"
"mod_time_M10","PA","A","-0.00174969841219148","0.00167025074513491","7.94476670565714e-05"
"vig_time_M10","PA","A","0.00149901405205012","-0.00143094908240131","-6.80649696488191e-05"
"MVPA_time_M10","PA","A","-0.00174969841219148","0.00167025074513491","7.94476670565714e-05"
"activity_time_M10","PA","A","-0.00174969841219148","0.00167025074513491","7.94476670565714e-05"
"sed_time_24h","PA","A","-0.00176632364484401","0.00168612108429305","8.02025605509662e-05"
"light_time_24h","PA","A","0.00149901405205012","-0.00143094908240131","-6.80649696488191e-05"
"mod_time_24h","PA","A","-0.00174969841219148","0.00167025074513491","7.94476670565714e-05"
"vig_time_24h","PA","A","0.00149901405205012","-0.00143094908240131","-6.80649696488191e-05"
"MVPA_time_24h","PA","A","-0.00174969841219148","0.00167025074513491","7.94476670565714e-05"
"activity_time_24h","PA","A","0.00149901405205012","-0.00143094908240131","-6.80649696488191e-05"
"mean_r","PA","A","-0.00176632364484401","0.00168612108429305","8.02025605509662e-05"
"mean_a","PA","A","-0.00350388446613335","0.00334478536395071","0.000159099102182639"
"SATP","PA","A","0.00149901405205012","-0.00143094908240131","-6.80649696488191e-05"
"ASTP","PA","A","0.0035160220570355","-0.00335637182942796","-0.000159650227607538"
"Gini_r","PA","A","-0.00350388446613335","0.00334478536395071","0.000159099102182639"
"Gini_a","PA","A","-0.00174969841219148","0.00167025074513491","7.94476670565714e-05"
"alpha_r","PA","A","0.00149901405205012","-0.00143094908240131","-6.80649696488191e-05"
"alpha_a","PA","A","0.0035160220570355","-0.00335637182942796","-0.000159650227607538"
"h_r","PA","A","-0.00350388446613335","0.00334478536395071","0.000159099102182639"
"h_a","PA","A","0.00200487041408322","-0.00191383628154941","-9.10341325338203e-05"
"dur_day_total_IN_min","PA","A","0.00249832556395335","-0.00238488536407611","-0.000113440199877237"
"dur_day_total_LIG_min","PA","A","-0.000387462851676693","0.000369869522779375","1.75933288973179e-05"
"dur_day_total_MOD_min","PA","A","-0.000387462851676693","0.000369869522779375","1.75933288973179e-05"
"dur_day_total_VIG_min","PA","A","-0.000387462851676693","0.000369869522779375","1.75933288973179e-05"
"dur_day_MVPA_bts_10_min","PA","A","-0.000387462851676693","0.000369869522779375","1.75933288973179e-05"
"dur_day_MVPA_bts_5_10_min","PA","A","-0.000387462851676693","0.000369869522779375","1.75933288973179e-05"
"dur_day_MVPA_bts_1_5_min","PA","A","-0.000387462851676693","0.000369869522779375","1.75933288973179e-05"
"Nbouts_day_IN_bts_30","PA","A","-0.000387462851676693","0.000369869522779375","1.75933288973179e-05"
"Nbouts_day_IN_bts_20_30","PA","A","-0.000387462851676693","0.000369869522779375","1.75933288973179e-05"
"Nbouts_day_IN_bts_10_20","PA","A","0.00249832556395335","-0.00238488536407611","-0.000113440199877237"
"Nbouts_day_LIG_bts_10","PA","A","0.00249832556395335","-0.00238488536407611","-0.000113440199877237"
"Nbouts_day_LIG_bts_5_10","PA","A","-0.000387462851676693","0.000369869522779375","1.75933288973179e-05"
"Nbouts_day_LIG_bts_1_5","PA","A","-0.000387462851676693","0.000369869522779375","1.75933288973179e-05"
"Nbouts_day_MVPA_bts_10","PA","A","-0.000387462851676693","0.000369869522779375","1.75933288973179e-05"
"Nbouts_day_MVPA_bts_5_10","PA","A","-0.000387462851676693","0.000369869522779375","1.75933288973179e-05"
"Nbouts_day_MVPA_bts_1_5","PA","A","-0.000387462851676693","0.000369869522779375","1.75933288973179e-05"
"Nblocks_day_total_IN","PA","A","-0.000387462851676693","0.000369869522779375","1.75933288973179e-05"
"Nblocks_day_total_LIG","PA","A","-0.000387462851676693","0.000369869522779375","1.75933288973179e-05"
"Nblocks_day_total_MOD","PA","A","-0.000387462851676693","0.000369869522779375","1.75933288973179e-05"
"Nblocks_day_total_VIG","PA","A","-0.000387462851676693","0.000369869522779375","1.75933288973179e-05"
"sd_TAC","PA","A","-0.00174969841219148","0.00167025074513491","7.94476670565714e-05"
"sd_TLAC","PA","A","-0.00350388446613335","0.00334478536395071","0.000159099102182639"
"sd_sed_time","PA","A","0.0035160220570355","-0.00335637182942796","-0.000159650227607538"
"sd_light_time","PA","A","0.00149901405205012","-0.00143094908240131","-6.80649696488191e-05"
"sd_mod_time","PA","A","-0.00174969841219148","0.00167025074513491","7.94476670565714e-05"
"sd_vig_time","PA","A","0.00149901405205012","-0.00143094908240131","-6.80649696488191e-05"
"sd_MVPA_time","PA","A","-0.00174969841219148","0.00167025074513491","7.94476670565714e-05"
"sd_activity_time","PA","A","-0.00174969841219148","0.00167025074513491","7.94476670565714e-05"
"sd_sed_time_M10","PA","A","0.0035160220570355","-0.00335637182942796","-0.000159650227607538"
"sd_light_time_M10","PA","A","0.00149901405205012","-0.00143094908240131","-6.80649696488191e-05"
"sd_mod_time_M10","PA","A","0.00149901405205012","-0.00143094908240131","-6.80649696488191e-05"
"sd_vig_time_M10","PA","A","0.00149901405205012","-0.00143094908240131","-6.80649696488191e-05"
"sd_MVPA_time_M10","PA","A","0.00149901405205012","-0.00143094908240131","-6.80649696488191e-05"
"sd_activity_time_M10","PA","A","0.0035160220570355","-0.00335637182942796","-0.000159650227607538"
"sd_sed_time_24h","PA","A","0.00149901405205012","-0.00143094908240131","-6.80649696488191e-05"
"sd_light_time_24h","PA","A","0.00149901405205012","-0.00143094908240131","-6.80649696488191e-05"
"sd_mod_time_24h","PA","A","0.00149901405205012","-0.00143094908240131","-6.80649696488191e-05"
"sd_vig_time_24h","PA","A","0.00149901405205012","-0.00143094908240131","-6.80649696488191e-05"
"sd_MVPA_time_24h","PA","A","0.00149901405205012","-0.00143094908240131","-6.80649696488191e-05"
"sd_activity_time_24h","PA","A","0.00149901405205012","-0.00143094908240131","-6.80649696488191e-05"
"sd_mean_r","PA","A","-0.00176632364484401","0.00168612108429305","8.02025605509662e-05"
"sd_mean_a","PA","A","-0.00350388446613335","0.00334478536395071","0.000159099102182639"
"sd_SATP","PA","A","0.00149901405205012","-0.00143094908240131","-6.80649696488191e-05"
"sd_ASTP","PA","A","0.0035160220570355","-0.00335637182942796","-0.000159650227607538"
"sd_Gini_r","PA","A","0.0035160220570355","-0.00335637182942796","-0.000159650227607538"
"sd_Gini_a","PA","A","0.00200487041408322","-0.00191383628154941","-9.10341325338203e-05"
"sd_alpha_r","PA","A","0.0035160220570355","-0.00335637182942796","-0.000159650227607538"
"sd_alpha_a","PA","A","0.0035160220570355","-0.00335637182942796","-0.000159650227607538"
"sd_h_r","PA","A","-0.00350388446613335","0.00334478536395071","0.000159099102182639"
"sd_h_a","PA","A","0.0035160220570355","-0.00335637182942796","-0.000159650227607538"
"sd_dur_day_total_IN_min","PA","A","-0.000387462851676693","0.000369869522779375","1.75933288973179e-05"
"sd_dur_day_total_LIG_min","PA","A","-0.000387462851676693","0.000369869522779375","1.75933288973179e-05"
"sd_dur_day_total_MOD_min","PA","A","-0.000387462851676693","0.000369869522779375","1.75933288973179e-05"
"sd_dur_day_total_VIG_min","PA","A","-0.000387462851676693","0.000369869522779375","1.75933288973179e-05"
"sd_dur_day_MVPA_bts_10_min","PA","A","-0.000387462851676693","0.000369869522779375","1.75933288973179e-05"
"sd_dur_day_MVPA_bts_5_10_min","PA","A","-0.000387462851676693","0.000369869522779375","1.75933288973179e-05"
"sd_dur_day_MVPA_bts_1_5_min","PA","A","-0.000387462851676693","0.000369869522779375","1.75933288973179e-05"
"sd_Nbouts_day_IN_bts_30","PA","A","-0.000387462851676693","0.000369869522779375","1.75933288973179e-05"
"sd_Nbouts_day_IN_bts_20_30","PA","A","-0.000387462851676693","0.000369869522779375","1.75933288973179e-05"
"sd_Nbouts_day_IN_bts_10_20","PA","A","0.00249832556395335","-0.00238488536407611","-0.000113440199877237"
"sd_Nbouts_day_LIG_bts_10","PA","A","0.00249832556395335","-0.00238488536407611","-0.000113440199877237"
"sd_Nbouts_day_LIG_bts_5_10","PA","A","-0.000387462851676693","0.000369869522779375","1.75933288973179e-05"
"sd_Nbouts_day_LIG_bts_1_5","PA","A","-0.000387462851676693","0.000369869522779375","1.75933288973179e-05"
"sd_Nbouts_day_MVPA_bts_10","PA","A","-0.000387462851676693","0.000369869522779375","1.75933288973179e-05"
"sd_Nbouts_day_MVPA_bts_5_10","PA","A","0.00249832556395335","-0.00238488536407611","-0.000113440199877237"
"sd_Nbouts_day_MVPA_bts_1_5","PA","A","-0.000387462851676693","0.000369869522779375","1.75933288973179e-05"
"sd_Nblocks_day_total_IN","PA","A","-0.000387462851676693","0.000369869522779375","1.75933288973179e-05"
"sd_Nblocks_day_total_LIG","PA","A","-0.000387462851676693","0.000369869522779375","1.75933288973179e-05"
"sd_Nblocks_day_total_MOD","PA","A","-0.000387462851676693","0.000369869522779375","1.75933288973179e-05"
"sd_Nblocks_day_total_VIG","PA","A","-0.000387462851676693","0.000369869522779375","1.75933288973179e-05"
"RA_ggir","CR","A","0","0","0"
"RA","CR","A","0","0","0"
"L5TIME_num","CR","A","0","0","0"
"M10TIME_num","CR","A","0","0","0"
"L5VALUE","CR","A","0","0","0"
"M10VALUE","CR","A","0","0","0"
"M10","CR","A","0","0","0"
"L5","CR","A","0","0","0"
"L5TIME","CR","A","0","0","0"
"M10TIME","CR","A","0","0","0"
"IV_intradailyvariability","CR","A","0","0","0"
"IS_interdailystability","CR","A","0","0","0"
"IV","CR","A","0","0","0"
"IS","CR","A","0","0","0"
"mesor","CR","A","0","0","0"
"amp","CR","A","0","0","0"
"acro","CR","A","0","0","0"
"mesor_L","CR","A","0","0","0"
"amp_L","CR","A","0","0","0"
"acro_L","CR","A","0","0","0"
"PC1","CR","A","0","0","0"
"PC2","CR","A","0","0","0"
"PC3","CR","A","0","0","0"
"PC4","CR","A","0","0","0"
"PC5","CR","A","0","0","0"
"PC6","CR","A","0","0","0"
"PC7","CR","A","0","0","0"
"PC8","CR","A","0","0","0"
"PC9","CR","A","0","0","0"
"PC10","CR","A","0","0","0"
"sd_RA_ggir","CR","A","0","0","0"
"sd_RA","CR","A","0","0","0"
"sd_L5TIME_num","CR","A","0","0","0"
"sd_M10TIME_num","CR","A","0","0","0"
"sd_L5VALUE","CR","A","0","0","0"
"sd_M10VALUE","CR","A","0","0","0"
"sd_M10","CR","A","0","0","0"
"sd_L5","CR","A","0","0","0"
"sd_L5TIME","CR","A","0","0","0"
"sd_M10TIME","CR","A","0","0","0"
"sd_IV","CR","A","0","0","0"
